,City,Cloudiness,Country,Date,Humidity,Lat,Lon,Max Temp,Wind Speed
0,Arraial do Cabo,75,BR,1578998342,78,-22.97,-42.03,77.0,3.36
1,Khatanga,49,RU,1578998583,88,71.97,102.5,-19.68,7.61
2,Hermanus,36,ZA,1578998583,49,-34.42,19.23,90.0,4.0
3,Sumter,20,US,1578998583,93,28.71,-82.08,66.99,3.13
4,Puerto Ayora,69,EC,1578998584,75,-0.74,-90.35,75.99,8.01
5,Butaritari,100,KI,1578998584,78,3.07,172.79,82.8,18.41
6,Westport,40,US,1578998522,93,41.14,-73.36,41.0,6.93
7,Jizan,20,SA,1578998584,51,17.33,42.67,86.0,11.41
8,Sur,0,OM,1578998584,36,22.57,59.53,72.32,1.9
9,Ushuaia,90,AR,1578998513,100,-54.8,-68.3,44.6,2.17
10,Airai,100,TL,1578998585,96,-8.93,125.41,68.99,0.63
11,Tuatapere,79,NZ,1578998585,89,-46.13,167.68,51.01,4.0
12,Bluff,92,NZ,1578998585,89,-46.6,168.33,51.01,4.0
13,George Town,20,MY,1578998585,59,5.41,100.34,89.6,9.17
14,Busselton,0,AU,1578998585,50,-33.65,115.33,73.99,10.0
15,Albany,90,US,1578998586,100,42.6,-73.97,36.0,4.7
16,Cape Town,20,ZA,1578998473,61,-33.93,18.42,90.0,16.11
17,Oranjemund,27,NA,1578998586,55,-28.55,16.43,77.18,17.34
18,Namatanai,100,PG,1578998586,75,-3.67,152.43,83.1,11.5
19,Jamestown,1,US,1578998586,86,42.1,-79.24,30.99,6.93
20,Baykit,97,RU,1578998587,98,61.67,96.37,-6.0,3.24
21,Thompson,75,CA,1578998295,75,55.74,-97.86,-16.6,6.93
22,Barrow,90,US,1578998587,85,71.29,-156.79,19.4,27.51
23,Gisborne,59,NZ,1578998587,65,-38.65,178.0,60.01,8.99
24,Inyonga,9,TZ,1578998587,63,-6.72,32.07,79.16,8.08
25,Maceio,20,BR,1578998588,74,-9.67,-35.74,80.6,6.93
26,Rikitea,0,PF,1578998588,80,-23.12,-134.97,77.5,9.91
27,Salalah,0,OM,1578998314,16,17.02,54.09,75.2,16.11
28,Aklavik,5,CA,1578998588,69,68.22,-135.01,-11.2,5.82
29,Mizdah,80,LY,1578998588,71,31.45,12.98,48.78,15.75
30,Port Lincoln,9,AU,1578998588,86,-34.73,135.87,64.69,14.43
31,Vaini,40,TO,1578998589,88,-21.2,-175.2,78.8,6.93
32,Tamiahua,67,MX,1578998589,87,21.27,-97.45,70.72,4.18
33,Lima,90,PE,1578998589,88,-12.04,-77.03,69.8,3.36
34,Praia,87,CV,1578998589,73,14.92,-23.51,71.6,20.8
35,Japura,38,ID,1578998589,92,-0.32,102.35,76.75,0.78
36,Yaan,2,NG,1578998589,20,7.38,8.57,104.74,3.58
37,Mingguang,7,CN,1578998590,67,32.78,117.96,35.46,2.86
38,Vikhorevka,40,RU,1578998590,84,56.12,101.16,0.0,4.47
39,Ulaanbaatar,33,MN,1578998590,70,47.91,106.88,-5.8,2.24
40,Port Alfred,71,ZA,1578998577,84,-33.59,26.89,78.01,5.01
41,Dikson,100,RU,1578998590,95,73.51,80.55,6.37,8.55
42,Mindelo,75,CV,1578998591,68,16.89,-24.98,71.6,23.04
43,Avarua,98,CK,1578998591,88,-21.21,-159.78,78.8,12.75
44,Mongo,0,TD,1578998591,6,12.18,18.69,93.24,8.63
45,Marshall,90,US,1578998591,100,34.38,-86.33,64.99,9.17
46,Ugep,19,NG,1578998591,35,5.81,8.08,97.52,1.81
47,Kitami,75,JP,1578998592,73,43.8,143.89,23.0,4.7
48,Antsohihy,64,MG,1578998592,62,-14.88,47.99,89.38,4.74
49,Alberton,100,CA,1578998592,65,46.82,-64.07,23.0,6.58
50,Hithadhoo,65,MV,1578998592,80,-0.6,73.08,81.77,14.43
51,Bethel,75,US,1578998592,93,41.37,-73.41,39.2,2.33
52,Padang,100,ID,1578998592,97,-0.95,100.35,70.84,1.43
53,Harindanga,0,IN,1578998593,44,22.04,88.32,75.2,4.7
54,Ketchikan,1,US,1578998593,47,55.34,-131.65,15.8,11.41
55,Cherskiy,0,RU,1578998593,75,68.75,161.3,-26.0,2.19
56,Katsuura,75,JP,1578998593,62,35.13,140.3,51.8,4.7
57,Ponta Delgada,75,PT,1578998593,93,37.73,-25.67,57.2,20.8
58,Port Elizabeth,75,ZA,1578998593,74,-33.92,25.57,80.6,17.22
59,Vestmannaeyjar,75,IS,1578998594,55,63.44,-20.27,35.6,34.45
60,Kapaa,90,US,1578998594,78,22.08,-159.32,77.0,19.46
61,Comodoro Rivadavia,56,AR,1578998594,37,-45.87,-67.5,68.0,31.09
62,Kavaratti,67,IN,1578998594,70,10.57,72.64,81.18,13.38
63,Ostrovnoy,97,RU,1578998594,98,68.05,39.51,13.86,7.4
64,Fasa,40,IR,1578998594,66,28.94,53.65,48.2,4.7
65,Kerewan,40,GM,1578998595,26,13.49,-16.09,71.6,16.11
66,Khovd,45,MN,1578998595,92,48.01,91.64,-5.48,2.66
67,Saint-Philippe,20,RE,1578998595,70,-21.36,55.77,89.6,6.93
68,Atuona,0,PF,1578998595,78,-9.8,-139.03,81.34,19.77
69,Nemencine,90,LT,1578998595,93,54.85,25.48,39.0,13.87
70,Auki,100,SB,1578998595,79,-8.77,160.7,85.26,22.86
71,Hilo,88,US,1578998460,84,19.73,-155.09,75.99,11.01
72,Mossamedes,75,AO,1578998596,58,-15.2,12.15,84.2,11.41
73,Hobart,90,AU,1578998568,72,-42.88,147.33,69.01,11.41
74,Andros Town,40,BS,1578998596,73,24.7,-77.77,73.4,10.29
75,Chokurdakh,99,RU,1578998597,96,70.63,147.92,-18.81,1.54
76,Luderitz,0,NA,1578998597,45,-26.65,15.16,82.4,16.11
77,Nikolskoye,75,RU,1578998597,74,59.7,30.79,37.99,17.9
78,Tura,3,IN,1578998597,63,25.52,90.22,65.73,2.66
79,Saint-Augustin,61,CA,1578998597,75,51.23,-58.65,5.2,17.36
80,Kendari,91,ID,1578998484,92,-3.94,122.5,76.96,1.79
81,Punta Arenas,75,CL,1578998598,81,-53.15,-70.92,48.2,5.82
82,Sobolevo,100,RU,1578998598,96,54.43,31.9,34.27,6.55
83,Andenes,100,NO,1578998488,74,69.31,16.12,35.6,19.46
84,Wanning,26,CN,1578998598,78,18.8,110.4,69.31,6.8
85,Pemberton,99,CA,1578998598,83,50.32,-122.8,-18.06,4.38
86,Palmer,90,US,1578998599,93,42.16,-72.33,36.0,2.24
87,Danilovka,39,RU,1578998599,94,50.36,44.12,23.81,4.68
88,Talnakh,75,RU,1578998599,84,69.49,88.4,6.8,31.32
89,Nishihara,75,JP,1578998599,52,26.18,127.76,69.8,5.82
90,Yulara,96,AU,1578998599,11,-25.24,130.99,102.2,6.93
91,Grand Gaube,75,MU,1578998600,74,-20.01,57.66,86.0,12.75
92,Yeppoon,0,AU,1578998600,65,-23.13,150.73,82.4,9.17
93,Divnogorsk,85,RU,1578998600,72,55.96,92.36,17.6,4.47
94,Castro,100,BR,1578998600,64,-24.79,-50.01,67.23,4.68
95,Ixtapa,75,MX,1578998601,93,20.7,-105.2,69.01,4.47
96,Torbay,75,CA,1578998601,78,47.67,-52.73,15.01,18.34
97,Departamento de Maldonado,40,UY,1578998601,68,-34.67,-54.92,71.6,13.87
98,Kermanshah,40,IR,1578998601,28,34.31,47.06,46.4,9.17
99,Lokosovo,95,RU,1578998601,94,61.13,74.82,19.83,7.09
100,OErebro,90,SE,1578998601,80,59.27,15.21,42.01,17.22
101,Te Anau,85,NZ,1578998602,77,-45.42,167.72,47.53,1.43
102,Ancud,90,CL,1578998602,100,-41.87,-73.82,55.4,6.93
103,Port Blair,92,IN,1578998602,76,11.67,92.75,79.83,11.95
104,Tombouctou,0,ML,1578998602,18,20.0,-3.0,65.64,19.39
105,Pangai,94,TO,1578998602,81,-19.8,-174.35,80.76,11.97
106,Los Andes,0,CL,1578998603,63,-32.83,-70.6,80.01,5.82
107,Pasni,0,PK,1578998603,19,25.26,63.47,66.72,6.96
108,Verkhniy Baskunchak,85,RU,1578998603,66,48.23,46.72,37.09,8.5
109,Dundee,20,GB,1578998603,70,56.5,-2.97,42.8,13.87
110,Linkoeping,75,SE,1578998603,80,58.41,15.62,41.0,16.11
111,Coyhaique,20,CL,1578998589,93,-45.58,-72.07,53.6,8.05
112,Dumka,0,IN,1578998345,36,24.27,87.25,67.89,3.4
113,Hong Kong,20,HK,1578998451,43,22.29,114.16,72.0,3.36
114,Meulaboh,45,ID,1578998604,68,4.14,96.13,84.63,4.65
115,Pevek,41,RU,1578998604,89,69.7,170.31,-17.81,8.68
116,Puerto Escondido,0,MX,1578998604,58,15.85,-97.07,70.97,6.6
117,Znamenskoye,100,RU,1578998604,93,57.13,73.83,16.12,8.99
118,Kumul,100,CN,1578998344,56,42.8,93.45,22.03,3.15
119,Saskylakh,0,RU,1578998605,94,71.92,114.08,-16.83,12.95
120,Sainte-Rose,28,GP,1578998605,83,16.33,-61.7,69.8,18.34
121,Yellowknife,20,CA,1578998349,65,62.46,-114.35,-38.0,3.36
122,Melo,0,UY,1578998605,58,-32.37,-54.18,74.82,10.25
123,Tsimmerbude,40,RU,1578998606,86,54.67,20.13,41.0,13.42
124,Tuktoyaktuk,0,CA,1578998606,81,69.45,-133.04,-13.58,10.07
125,Iquitos,75,PE,1578998606,94,-3.75,-73.25,73.4,9.17
126,Felipe Carrillo Puerto,14,MX,1578998606,98,19.58,-88.05,71.46,3.02
127,Severo-Kuril'sk,93,RU,1578998606,84,50.68,156.12,18.09,29.17
128,Borba,23,BR,1578998606,87,-4.39,-59.59,76.89,2.3
129,Iqaluit,75,CA,1578998607,57,63.75,-68.51,-7.6,2.24
130,Tilichiki,100,RU,1578998607,97,60.47,166.1,31.37,29.24
131,Humboldt,90,US,1578998607,87,40.67,-123.92,48.2,1.77
132,Berlevag,75,NO,1578998607,68,70.86,29.09,24.8,8.05
133,Arman,15,RU,1578998607,88,59.7,150.17,-3.64,15.1
134,Tyrma,0,RU,1578998607,96,50.08,132.17,-14.33,1.52
135,Balkanabat,0,TM,1578998608,50,39.51,54.37,45.27,10.25
136,Mundybash,100,RU,1578998608,95,53.21,87.3,16.36,3.18
137,Grindavik,75,IS,1578998608,74,63.84,-22.43,35.6,38.03
138,Port Augusta,0,AU,1578998608,57,-32.5,137.77,86.0,20.8
139,Hambantota,40,LK,1578998608,55,6.12,81.12,87.8,3.36
140,Oyama,75,JP,1578998608,87,36.3,139.8,55.99,1.12
141,Itarema,44,BR,1578998609,76,-2.92,-39.92,82.62,6.04
142,East London,20,ZA,1578998388,74,-33.02,27.91,82.4,19.46
143,San Jose,90,US,1578998480,81,37.34,-121.89,51.8,9.17
144,Carnarvon,34,AU,1578998609,88,-24.87,113.63,76.08,15.01
145,Mataura,83,NZ,1578998609,89,-46.19,168.86,51.01,4.0
146,Vitim,100,RU,1578998609,95,59.45,112.56,3.47,7.72
147,Kodinar,19,IN,1578998609,48,20.79,70.7,70.77,13.18
148,Mar del Plata,90,AR,1578998509,88,-38.0,-57.56,69.01,9.17
149,Altagracia de Orituco,95,VE,1578998610,93,9.86,-66.38,65.64,3.09
150,Olafsvik,100,IS,1578998610,74,64.89,-23.71,31.37,47.15
151,Fengzhen,50,CN,1578998610,81,40.44,113.15,3.33,1.9
152,Mahebourg,75,MU,1578998610,74,-20.41,57.7,86.0,12.75
153,Kotido,91,UG,1578998611,28,2.98,34.13,87.76,12.55
154,Secaucus,90,US,1578998484,86,40.8,-74.06,42.01,9.17
155,Alta,75,NO,1578998611,85,69.97,23.27,24.8,10.29
156,Mehamn,75,NO,1578998611,85,71.04,27.85,24.8,5.82
157,Kantang,20,TH,1578998612,58,7.41,99.52,86.0,13.87
158,Longyearbyen,20,SJ,1578998612,70,78.22,15.64,1.4,8.05
159,Mercedes,39,AR,1578998612,78,-34.65,-59.43,75.0,4.0
160,Dingle,20,PH,1578998612,86,11.0,122.67,74.43,7.65
161,Aketi,8,CD,1578998612,17,2.74,23.78,98.55,3.67
162,Batesville,90,US,1578998612,100,35.77,-91.64,44.6,3.36
163,Pacific Grove,90,US,1578998613,87,36.62,-121.92,51.8,5.55
164,Hualmay,41,PE,1578998613,87,-11.1,-77.61,66.92,3.69
165,Etchoropo,92,MX,1578998613,82,26.77,-109.67,48.0,4.0
166,Kalabo,96,ZM,1578998613,47,-14.97,22.68,84.87,7.78
167,Nioki,1,CD,1578998613,30,-2.72,17.68,99.63,2.68
168,Tiksi,64,RU,1578998613,89,71.69,128.87,-18.47,5.64
169,Chirongui,92,YT,1578998614,83,-12.93,45.15,84.2,16.11
170,Giohar,100,SO,1578998614,34,2.78,45.5,95.23,19.08
171,Chui,0,UY,1578998614,67,-33.7,-53.46,74.32,10.85
172,Tasiilaq,100,GL,1578998614,48,65.61,-37.64,19.4,2.24
173,Port-Gentil,75,GA,1578998614,84,-0.72,8.78,86.0,9.17
174,Paris,90,FR,1578998524,76,48.85,2.35,52.0,18.34
175,Ulladulla,75,AU,1578998615,78,-35.35,150.47,72.0,8.05
176,China,56,MX,1578998615,95,25.7,-99.23,67.53,4.74
177,Freetown,0,SL,1578998319,22,8.48,-13.23,94.55,5.48
178,Zhigansk,100,RU,1578998615,95,66.77,123.37,-14.64,13.56
179,Lahaina,20,US,1578998615,64,20.88,-156.68,75.2,9.17
180,New Norfolk,90,AU,1578998616,72,-42.78,147.06,69.01,11.41
181,Qaanaaq,79,GL,1578998616,39,77.48,-69.36,-8.18,3.4
182,Keighley,40,GB,1578998616,81,53.87,-1.91,45.0,11.41
183,Saldanha,59,ZA,1578998616,76,-33.01,17.94,75.2,17.22
184,Kargasok,100,RU,1578998616,88,59.06,80.86,12.51,12.48
185,Caravelas,100,BR,1578998616,82,-17.71,-39.25,77.86,8.46
186,Tigil,100,RU,1578998617,97,57.8,158.67,26.06,6.13
187,Upernavik,100,GL,1578998617,73,72.79,-56.15,1.44,2.73
188,Esperance,22,AU,1578998617,77,-33.87,121.9,69.8,14.99
189,Aksu,100,CN,1578998344,93,41.12,80.26,26.8,4.74
190,Marsh Harbour,7,BS,1578998617,77,26.54,-77.06,73.87,16.24
191,Mandalgovi,0,MN,1578998617,62,45.76,106.27,2.91,6.08
192,Honningsvag,90,NO,1578998403,100,70.98,25.97,24.8,10.29
193,Havre-Saint-Pierre,1,CA,1578998618,70,50.23,-63.6,-5.8,8.05
194,Rio Gallegos,90,AR,1578998618,93,-51.62,-69.22,50.0,17.22
195,Vuktyl,15,RU,1578998618,94,63.86,57.31,-8.37,6.2
196,Marfino,75,RU,1578998618,80,55.7,37.38,37.0,11.18
197,Naze,75,JP,1578998618,82,28.37,129.48,60.8,8.05
198,Lebu,20,CL,1578998619,69,-37.62,-73.65,58.69,6.91
199,Bolobo,0,CD,1578998619,28,-2.17,16.23,97.32,5.41
200,Pisco,75,PE,1578998619,83,-13.7,-76.22,69.8,2.04
201,Natal,40,BR,1578998619,83,-5.79,-35.21,78.8,8.05
202,Sovetskiy,93,RU,1578998619,84,61.36,63.58,5.38,7.92
203,Acajutla,0,SV,1578998619,74,13.59,-89.83,73.0,5.99
204,Melnikovo,100,RU,1578998620,81,56.56,84.08,18.0,13.56
205,Champerico,0,GT,1578998620,62,14.3,-91.92,73.69,4.14
206,Provideniya,49,RU,1578998620,97,64.38,-173.3,19.31,5.82
207,Clyde River,1,CA,1578998620,75,70.47,-68.59,-14.8,5.82
208,Bayji,0,IQ,1578998620,28,34.93,43.49,57.42,14.56
209,Kruisfontein,55,ZA,1578998621,47,-34.0,24.73,87.62,17.56
210,Cumra,20,TR,1578998621,69,37.57,32.77,39.2,6.93
211,Fort Nelson,5,CA,1578998584,65,58.81,-122.7,-36.4,0.58
212,Nicolas Bravo,60,MX,1578998621,99,18.45,-88.92,70.11,3.24
213,Pitimbu,20,BR,1578998621,74,-7.47,-34.81,80.6,5.82
214,Vanimo,100,PG,1578998621,78,-2.67,141.3,82.29,13.78
215,Bengkulu,92,ID,1578998621,86,-3.8,102.27,76.66,0.31
216,Yar-Sale,0,RU,1578998622,84,66.83,70.83,-12.89,8.34
217,Filomeno Mata,27,MX,1578998622,76,20.2,-97.7,57.13,4.29
218,Calamar,18,CO,1578998622,83,10.25,-74.91,75.2,3.36
219,Denpasar,20,ID,1578998431,74,-8.65,115.22,86.0,6.93
220,Marawi,85,PH,1578998623,79,8.0,124.29,81.0,1.16
221,Stephenville,90,US,1578998623,93,32.22,-98.2,60.8,6.93
222,Walvis Bay,54,NA,1578998623,57,-22.96,14.51,77.0,8.05
223,Marzuq,42,YE,1578998623,19,14.4,46.47,74.08,10.45
224,Petropavlovsk-Kamchatsky,20,RU,1578998623,73,53.05,158.65,26.6,11.18
225,Ribeira Grande,40,PT,1578998624,71,38.52,-28.7,57.2,23.04
226,Codrington,0,AU,1578998624,73,-38.27,141.97,68.59,9.33
227,Kodiak,1,US,1578998624,63,57.79,-152.41,30.2,6.93
228,Tual,95,ID,1578998624,81,-5.67,132.75,82.45,9.98
229,Encruzilhada do Sul,0,BR,1578998624,57,-30.54,-52.52,77.45,6.55
230,Gizo,100,SB,1578998624,93,-8.1,156.84,77.32,16.28
231,Muravlenko,98,RU,1578998624,97,63.79,74.52,-3.6,13.13
232,Vredendal,45,ZA,1578998625,27,-31.67,18.5,97.38,12.44
233,Kaeo,86,NZ,1578998430,90,-35.1,173.78,64.0,6.87
234,Kloulklubed,75,PW,1578998625,83,7.04,134.26,80.6,6.93
235,Takoradze,21,GH,1578998625,43,4.88,-1.76,95.09,3.44
236,Kahului,20,US,1578998625,64,20.89,-156.47,75.2,9.17
237,Porto Santo,75,PT,1578998626,72,33.07,-16.34,64.4,12.75
238,Monteagudo,90,BO,1578998626,94,-19.82,-63.98,73.4,2.89
239,Anadyr,73,RU,1578998626,73,64.75,177.48,21.2,4.47
240,Valparaiso,90,CL,1578998626,93,-33.04,-71.63,55.4,5.82
241,Avera,90,US,1578998626,97,33.19,-82.53,66.2,5.82
242,Sioux Lookout,90,CA,1578998525,92,50.1,-91.92,19.4,5.82
243,Nanortalik,58,GL,1578998627,65,60.14,-45.24,20.34,8.61
244,Mstera,98,RU,1578998627,86,56.38,41.92,30.16,7.4
245,Guerrero Negro,87,MX,1578998627,88,27.98,-114.06,56.08,6.69
246,Taman,40,RU,1578998627,70,45.21,36.72,46.4,4.47
247,Cidreira,56,BR,1578998627,81,-30.18,-50.21,74.68,20.27
248,Buraidah,0,SA,1578998628,59,26.33,43.98,60.8,13.87
249,Bredasdorp,40,ZA,1578998628,35,-34.53,20.04,84.2,13.87
250,Esmeraldas,75,BR,1578998628,94,-19.76,-44.31,73.4,2.24
251,La Ronge,90,CA,1578998628,75,55.1,-105.28,-16.6,8.05
252,Borovoy,100,RU,1578998628,72,55.43,86.08,17.6,8.95
253,Kavieng,100,PG,1578998629,79,-2.57,150.8,83.52,21.9
254,Bugai,72,LT,1578998629,80,55.42,22.62,39.0,14.0
255,Norman Wells,5,CA,1578998629,74,65.28,-126.83,-27.4,4.32
256,Pucallpa,75,PE,1578998629,88,-8.38,-74.55,73.4,3.36
257,El Sauzal de Rodriguez,1,MX,1578998629,86,31.9,-116.68,52.0,1.01
258,Bamiantong,0,CN,1578998630,94,44.93,130.53,-7.96,2.89
259,Shaoguan,84,CN,1578998630,64,24.8,113.58,52.0,3.65
260,Kampil,31,IN,1578998630,61,27.62,79.28,62.82,3.8
261,Krasnosel'kup,100,RU,1578998630,93,65.7,82.47,15.08,19.66
262,Dauphin,90,CA,1578998525,76,51.15,-100.05,-4.0,18.34
263,Puerto Ayacucho,48,VE,1578998630,78,5.66,-67.62,72.03,1.43
264,North Bay,75,CA,1578998380,84,46.32,-79.47,7.0,11.41
265,Kupang,75,ID,1578998631,94,-10.17,123.58,80.6,1.12
266,North Platte,1,US,1578998631,85,41.12,-100.77,14.0,1.66
267,Manta,75,EC,1578998631,83,-0.95,-80.73,77.0,6.93
268,Klaksvik,100,FO,1578998631,80,62.23,-6.59,41.0,27.51
269,Kutum,0,SD,1578998631,11,14.2,24.67,79.95,13.87
270,Sun Valley,75,US,1578998632,80,39.6,-119.78,41.0,12.75
271,Straumen,100,NO,1578998632,52,63.87,11.3,45.0,27.51
272,Dunedin,78,NZ,1578998632,83,-45.87,170.5,55.99,8.99
273,Koutsouras,91,GR,1578998632,58,35.03,25.95,56.68,1.61
274,Brae,20,GB,1578998632,67,60.4,-1.35,42.8,31.09
275,Deputatsky,58,RU,1578998632,64,69.3,139.9,-26.73,2.91
276,Szczytno,75,PL,1578998633,93,53.56,20.99,37.4,11.41
277,George,20,ZA,1578998633,74,-33.96,22.46,80.6,11.41
278,San Patricio,100,MX,1578998633,72,19.22,-104.7,78.26,9.48
279,Qasigiannguit,100,GL,1578998633,60,68.82,-51.19,5.0,13.87
280,Hammerfest,75,NO,1578998633,79,70.66,23.68,24.8,17.22
281,Kununurra,88,AU,1578998633,49,-15.77,128.73,93.2,3.36
282,Hasaki,40,JP,1578998633,76,35.73,140.83,48.2,2.24
283,Bambous Virieux,75,MU,1578998634,74,-20.34,57.76,86.0,12.75
284,Conceicao do Araguaia,64,BR,1578998634,80,-8.26,-49.26,80.51,1.45
285,Benjamin Constant,90,BR,1578998634,100,-4.38,-70.03,73.4,0.92
286,College,90,US,1578998634,77,64.86,-147.8,1.99,3.36
287,Coahuayana Viejo,77,MX,1578998634,69,18.73,-103.68,71.4,3.58
288,Lamu,100,KE,1578998635,80,-2.27,40.9,82.98,18.3
289,San Fernando del Valle de Catamarca,49,AR,1578998635,76,-28.47,-65.79,81.0,1.99
290,Sereflikochisar,27,TR,1578998635,59,38.94,33.54,43.97,7.31
291,Flin Flon,100,CA,1578998635,97,54.77,-101.86,-8.93,5.55
292,Khani,8,GE,1578998635,53,41.96,42.96,50.0,9.17
293,Atherton,75,GB,1578998635,81,53.52,-2.49,45.0,8.05
294,Kaitangata,95,NZ,1578998636,85,-46.28,169.85,55.0,4.0
295,Yamada,99,JP,1578998636,88,39.47,141.95,35.35,2.46
296,Lebyazhye,98,RU,1578998636,94,55.27,66.49,15.39,9.42
297,Mount Pleasant,75,US,1578998625,100,32.79,-79.86,64.99,6.93
298,Octeville,90,FR,1578998636,93,49.63,-1.64,54.0,19.46
299,Vardo,75,NO,1578998636,85,70.37,31.11,24.8,13.87
300,Kiunga,100,PG,1578998637,97,-6.12,141.29,71.6,0.54
301,Nizhniy Kuranakh,63,RU,1578998637,97,58.84,125.49,-8.18,2.42
302,Deniliquin,38,AU,1578998637,33,-35.53,144.97,81.77,8.48
303,Faanui,92,PF,1578998637,81,-16.48,-151.75,80.8,16.91
304,Front Royal,90,US,1578998637,100,38.92,-78.19,44.01,4.12
305,Fairbanks,90,US,1578998432,84,64.84,-147.72,1.99,1.07
306,Ryotsu,90,JP,1578998638,80,38.08,138.43,41.0,5.82
307,Manaure,0,CO,1578998638,80,11.78,-72.44,77.32,22.1
308,Bowen,75,AU,1578998638,74,-20.02,148.23,80.6,6.93
309,Methoni,20,GR,1578998638,51,36.82,21.7,60.8,6.82
310,Bayanday,80,RU,1578998638,86,53.07,105.51,5.68,3.09
311,Ambilobe,66,MG,1578998639,76,-13.2,49.05,83.98,6.22
312,Piazza Armerina,5,IT,1578998639,67,37.39,14.37,59.0,5.82
313,Kieta,100,PG,1578998639,76,-6.22,155.63,81.37,3.83
314,Roald,75,NO,1578998639,75,62.58,6.13,42.8,12.75
315,Kaniama,38,CD,1578998639,81,-7.57,24.18,78.26,5.48
316,Sorland,75,NO,1578998640,75,67.67,12.69,41.0,17.22
317,Dwarka,0,IN,1578998346,57,22.24,68.97,69.42,13.27
318,Punta Alta,0,AR,1578998640,53,-38.88,-62.07,76.15,13.98
319,Rewari,40,IN,1578998640,82,28.18,76.62,66.99,8.05
320,Lata,75,PT,1578998640,81,40.16,-8.33,55.99,12.75
321,Beringovskiy,100,RU,1578998640,87,63.05,179.32,27.93,12.33
322,Kodinsk,86,RU,1578998641,97,58.69,99.18,5.79,4.7
323,Cabo San Lucas,76,MX,1578998442,74,22.89,-109.91,59.0,1.01
324,Ponta do Sol,75,PT,1578998641,72,32.67,-17.1,60.8,2.24
325,Ojo de Agua,91,HN,1578998641,97,14.02,-86.35,64.22,4.52
326,Kimbe,100,PG,1578998641,95,-5.55,150.14,75.79,5.01
327,Sfantu Gheorghe,76,RO,1578998642,25,45.87,25.78,37.99,7.0
328,Husavik,75,IS,1578998642,97,66.04,-17.34,32.0,28.86
329,Sergeevka,100,KZ,1578998642,91,53.88,67.42,17.96,12.19
330,Wau,29,SS,1578998642,11,7.7,28.0,99.61,5.28
331,Ahipara,76,NZ,1578998642,100,-35.17,173.17,63.0,6.17
332,Vao,49,NC,1578998643,85,-22.67,167.48,77.47,18.5
333,Ust'-Omchug,45,RU,1578998643,95,61.15,149.63,-34.06,5.35
334,Manono,28,CD,1578998643,81,-7.3,27.42,79.99,3.78
335,Mana,63,GF,1578998643,91,5.66,-53.78,76.96,5.12
336,Svetlaya,0,RU,1578998643,68,46.54,138.33,12.61,7.74
337,Saint George,1,US,1578998500,68,37.1,-113.58,34.0,1.57
338,Mbaiki,2,CF,1578998644,15,3.87,17.99,102.27,3.4
339,Huarmey,55,PE,1578998644,85,-10.07,-78.15,66.83,1.95
340,Vila Velha,76,BR,1578998549,83,-20.33,-40.29,78.8,9.17
341,Moose Factory,1,CA,1578998644,75,51.26,-80.61,-14.8,3.36
342,Porto Tolle,90,IT,1578998645,76,44.95,12.32,37.4,2.24
343,Vera Cruz,90,BR,1578998645,62,-12.63,-41.03,78.58,3.62
344,Omsukchan,100,RU,1578998645,99,62.53,155.8,-15.83,8.75
345,Belaya Gora,100,RU,1578998645,98,68.53,146.42,-17.19,0.98
346,Heihe,54,CN,1578998645,70,50.24,127.49,1.4,2.24
347,Ola,88,RU,1578998645,70,59.58,151.28,-1.79,7.61
348,Lyuban,89,BY,1578998646,93,52.8,28.0,37.36,6.69
349,Yangi Marg`ilon,75,UZ,1578998646,74,40.43,71.72,33.8,2.24
350,Muzhi,2,RU,1578998646,71,65.37,64.67,-4.05,3.58
351,Great Bend,90,US,1578998646,100,38.36,-98.76,37.4,6.98
352,St Albans,90,GB,1578998646,87,51.75,-0.33,51.01,12.75
353,Cayenne,49,GF,1578998647,94,4.93,-52.33,77.0,7.18
354,Pokaran,0,IN,1578998647,34,26.92,71.92,63.99,6.89
355,Touros,20,BR,1578998647,83,-5.2,-35.46,78.8,6.93
356,Koungheul,0,SN,1578998647,10,13.98,-14.8,85.23,13.51
357,Rio Grande,75,BR,1578998556,88,-32.03,-52.1,72.0,16.46
358,Labuhan,99,ID,1578998647,90,-6.88,112.21,78.24,3.38
359,Blyth,20,GB,1578998648,86,55.13,-1.51,43.0,12.75
360,Babstovo,0,RU,1578998648,88,48.12,132.48,-5.19,2.44
361,Kambove,100,CD,1578998648,90,-10.88,26.6,68.86,6.93
362,Plastun,0,RU,1578998648,74,44.76,136.29,4.46,7.18
363,Araouane,0,ML,1578998648,17,18.9,-3.53,66.33,17.22
364,Terrace,5,CA,1578998649,64,54.52,-128.6,-2.2,18.34
365,Ginda,46,IN,1578998649,90,30.69,78.49,45.0,2.15
366,Murgab,90,TM,1578998649,74,37.5,61.97,33.8,6.93
367,Tabuk,58,PH,1578998649,91,17.42,121.44,70.02,10.38
368,Merke,88,KZ,1578998649,93,42.87,73.18,21.24,3.06
369,Isabela,48,PH,1578998650,95,6.71,121.97,73.45,1.45
370,Novobirilyussy,100,RU,1578998650,87,56.95,90.67,15.1,8.99
371,Lagoa,36,PT,1578998650,63,39.05,-27.98,58.24,26.93
372,Vila,75,PT,1578998650,87,42.03,-8.16,61.0,19.46
373,Los Llanos de Aridane,20,ES,1578998650,64,28.66,-17.92,68.0,14.99
374,Veraval,19,IN,1578998651,48,20.9,70.37,70.77,13.18
375,Uyuni,99,BO,1578998408,73,-20.46,-66.83,51.31,5.91
376,Tiarei,75,PF,1578998651,78,-17.53,-149.33,78.8,4.7
377,Yarim,31,YE,1578998651,25,14.3,44.38,67.19,8.1
378,Jieshi,0,CN,1578998652,73,22.81,115.83,66.0,7.99
379,Ilulissat,100,GL,1578998652,60,69.22,-51.1,5.0,13.87
380,Susanville,1,US,1578998652,69,40.42,-120.65,37.4,17.22
381,San Policarpo,28,PH,1578998653,88,12.18,125.51,78.55,9.24
382,San Quintin,58,MX,1578998653,25,30.48,-115.95,37.99,14.0
383,Cacoal,100,BR,1578998653,97,-11.44,-61.45,72.18,3.02
384,Lao Cai,23,VN,1578998653,92,22.48,103.95,62.33,2.28
385,Alofi,98,NU,1578998653,94,-19.06,-169.92,77.0,2.24
386,Adrar,4,MR,1578998654,20,20.5,-10.07,63.27,18.79
387,Mariehamn,90,AX,1578998654,80,60.1,19.93,41.0,26.4
388,Burgersdorp,0,ZA,1578998654,12,-31.0,26.33,84.76,7.18
389,Kiruna,100,SE,1578998654,92,67.86,20.23,15.8,3.36
390,Mackenzie,99,CA,1578998654,73,55.3,-123.17,-29.2,6.26
391,Dongli,0,CN,1578998655,63,23.57,116.82,66.2,8.95
392,Omboue,35,GA,1578998655,57,-1.57,9.26,91.44,3.09
393,Goma,29,CD,1578998655,61,-1.68,29.22,71.96,3.22
394,Nome,90,US,1578998655,78,64.5,-165.41,17.01,10.29
395,Broome,1,US,1578998655,93,42.25,-75.83,33.01,2.68
396,Hirara,75,JP,1578998655,68,24.8,125.28,68.0,2.24
397,Samarai,100,PG,1578998656,87,-10.62,150.67,77.25,7.09
398,Sanmenxia,78,CN,1578998656,73,34.77,111.18,29.16,5.03
399,Tessalit,0,ML,1578998656,9,20.2,1.01,71.98,16.28
400,Qandala,3,SO,1578998656,55,11.47,49.87,74.43,12.1
401,Luganville,100,VU,1578998656,97,-15.53,167.17,74.57,3.4
402,Sechura,2,PE,1578998656,90,-5.56,-80.82,69.67,5.32
403,Maragogi,38,BR,1578998657,67,-9.01,-35.22,80.89,8.63
404,Nemuro,0,JP,1578998657,58,43.32,145.57,27.55,3.96
405,Umm Lajj,0,SA,1578998657,14,25.02,37.27,76.89,6.4
406,Hertford,67,GB,1578998526,87,51.8,-0.08,51.01,12.75
407,Ambovombe,24,MG,1578998657,38,-25.17,46.08,95.54,14.29
408,Kawalu,80,ID,1578998657,91,-7.38,108.21,73.8,3.13
409,Sarangani,19,PH,1578998658,76,5.4,125.46,83.07,3.53
410,Areia Branca,6,BR,1578998658,61,-4.96,-37.14,83.97,13.65
411,Timbiqui,79,CO,1578998658,96,2.77,-77.67,74.62,3.22
412,Sanghar,40,PK,1578998658,37,26.05,68.95,71.6,6.93
413,Sitka,1,US,1578998658,48,57.05,-135.33,17.6,6.93
414,Ouallam,17,NE,1578998659,8,14.32,2.09,82.38,15.41
415,Raudeberg,40,NO,1578998659,86,61.99,5.14,41.0,29.97
416,Claresholm,90,CA,1578998659,68,50.03,-113.59,-14.8,6.67
417,Conselheiro Pena,69,BR,1578998659,75,-19.17,-41.47,81.5,1.1
418,Zhangjiakou,88,CN,1578998659,70,40.81,114.88,3.63,1.99
419,Djibouti,1,DJ,1578998659,65,11.5,42.5,82.4,8.05
420,Polson,90,US,1578998659,78,47.69,-114.16,25.0,3.36
421,Necochea,64,AR,1578998642,98,-38.55,-58.74,64.99,5.99
422,Kamenka,31,RU,1578998660,83,51.32,42.77,34.0,3.0
423,Crieff,20,GB,1578998660,70,56.37,-3.84,42.8,13.87
424,Puerto Carreno,36,CO,1578998660,70,6.19,-67.49,75.94,12.59
425,Ciudad Lazaro Cardenas,28,MX,1578998660,88,17.96,-102.2,72.52,4.16
426,Makakilo City,75,US,1578998660,83,21.35,-158.09,77.0,9.17
427,Bay Roberts,75,CA,1578998661,78,47.6,-53.26,15.01,18.34
428,Rawson,0,AR,1578998661,50,-43.3,-65.1,67.19,8.7
429,Vila Franca do Campo,75,PT,1578998661,93,37.72,-25.43,57.2,20.8
430,Lloydminster,1,CA,1578998661,66,53.28,-110.0,-32.8,9.17
431,Karratha,18,AU,1578998661,79,-20.74,116.85,84.97,6.06
432,Yong'an,0,CN,1578998661,59,39.7,113.69,4.73,1.48
433,Saint Anthony,90,US,1578998662,100,45.02,-93.22,32.0,3.36
434,Provincia di Mantova,75,IT,1578998425,73,45.17,10.78,44.01,1.12
435,Sao Filipe,80,CV,1578998662,64,14.9,-24.5,72.46,14.88
436,Lensk,86,RU,1578998662,92,60.73,114.93,3.16,10.38
437,Shizunai,0,JP,1578998662,61,42.33,142.37,20.39,2.73
438,Salamiyah,0,SY,1578998662,46,35.01,37.05,56.55,2.19
439,Cartagena,1,CO,1578998663,83,10.4,-75.51,75.2,3.36
440,Chumikan,0,RU,1578998663,78,54.72,135.31,-3.06,8.1
441,Bend,90,US,1578998663,86,44.06,-121.32,30.2,8.05
442,Ilo,100,PE,1578998663,75,-17.64,-71.34,71.35,2.06
443,Lavrentiya,0,RU,1578998663,77,65.58,-171.0,7.41,7.85
444,Leningradskiy,66,RU,1578998663,74,69.38,178.42,-11.65,4.0
445,Kankakee,90,US,1578998664,94,41.15,-87.87,35.01,3.36
446,Ankazobe,75,MG,1578998664,51,-18.32,47.12,80.6,8.05
447,Karpathos,20,GR,1578998664,55,35.51,27.21,60.8,12.75
448,Bosaso,14,SO,1578998664,69,11.28,49.18,77.0,19.46
449,Black River,75,JM,1578998664,74,18.03,-77.85,80.6,18.34
450,Cuamba,100,MZ,1578998665,91,-14.8,36.54,76.42,5.46
451,Luau,46,AO,1578998665,78,-10.71,22.22,77.77,6.71
452,Pierre,1,US,1578998665,78,44.37,-100.35,8.6,12.75
453,Dongsheng,13,CN,1578998665,82,39.82,109.98,5.29,2.35
454,Hohhot,0,CN,1578998665,61,40.81,111.65,14.0,2.24
455,Gazli,0,UZ,1578998665,46,40.13,63.45,38.16,5.41
456,Havelock,20,US,1578998666,100,34.88,-76.9,68.0,4.7
457,Ayan,9,RU,1578998666,73,56.45,138.17,-4.32,9.48
458,Hay River,20,CA,1578998526,65,60.82,-115.8,-34.6,9.17
459,Pangnirtung,100,CA,1578998666,96,66.15,-65.71,-22.92,2.93
460,Nampula,75,MZ,1578998666,83,-15.12,39.27,78.8,17.22
461,Fortuna,90,US,1578998666,87,40.6,-124.16,48.2,1.77
462,Yanam,20,IN,1578998667,51,16.73,82.22,86.0,4.7
463,Santa Vitoria do Palmar,0,BR,1578998667,67,-33.52,-53.37,74.32,10.85
464,Mushie,8,CD,1578998667,34,-3.02,16.9,95.81,3.91
465,Maniitsoq,34,GL,1578998667,74,65.42,-52.9,8.29,12.59
466,Chu,99,KZ,1578998667,91,43.6,73.76,26.01,4.0
467,Waipawa,19,NZ,1578998667,71,-41.41,175.52,55.4,9.17
468,Vanavara,98,RU,1578998668,100,60.34,102.28,-4.81,4.16
469,Hamilton,1,US,1578998668,93,39.18,-84.53,44.01,3.65
470,Santiago de Cao,23,PE,1578998668,93,-7.96,-79.24,66.2,4.7
471,Pontes e Lacerda,23,BR,1578998668,87,-15.23,-59.34,76.78,3.87
472,Lastoursville,20,GA,1578998668,40,-0.81,12.73,94.6,2.3
473,Banikoara,0,BJ,1578998669,10,11.3,2.44,91.44,8.55
474,Lorengau,100,PG,1578998669,77,-2.02,147.27,83.26,22.64
475,Den Helder,90,NL,1578998669,93,52.96,4.76,50.0,21.92
476,Cap Malheureux,75,MU,1578998669,74,-19.98,57.61,86.0,12.75
477,Geraldton,0,AU,1578998669,69,-28.77,114.6,77.0,20.8
478,Bima,100,ID,1578998669,92,-8.47,118.72,75.2,1.52
479,Mastung,0,PK,1578998670,52,29.8,66.84,33.62,3.02
480,Ribeira Brava,75,PT,1578998670,72,32.65,-17.07,60.8,2.24
481,Marabu,75,MY,1578998670,83,4.41,114.01,82.4,8.05
482,Djibo,0,BF,1578998670,8,14.1,-1.63,80.42,13.31
483,Mahon,75,ES,1578998670,58,39.89,4.27,57.2,13.87
484,Patnos,0,TR,1578998670,84,39.23,42.86,8.6,0.22
485,Serenje,100,ZM,1578998671,79,-13.23,30.24,75.31,1.66
486,San Cristobal,75,VE,1578998671,88,7.77,-72.22,73.4,2.24
487,Polonnaruwa,25,LK,1578998671,71,7.93,81.0,75.47,7.34
488,Pijijiapan,0,MX,1578998671,63,15.7,-93.23,74.01,5.32
489,Killarney,90,IE,1578998671,93,52.05,-9.52,41.0,4.7
490,Sioux Falls,90,US,1578998671,79,43.55,-96.7,23.0,23.04
491,Mahriz,90,IR,1578998672,86,31.59,54.43,39.2,13.87
492,Kalmunai,65,LK,1578998672,61,7.42,81.82,79.79,9.55
493,Lompoc,1,US,1578998432,93,34.64,-120.46,46.0,3.36
494,Viransehir,0,TR,1578998672,34,37.24,39.76,51.24,6.53
495,Half Moon Bay,90,US,1578998672,81,37.46,-122.43,51.8,16.11
496,Thunder Bay,90,CA,1578998405,100,48.4,-89.32,28.99,9.17
497,Manuk Mangkaw,11,PH,1578998673,83,4.8,119.85,80.89,9.08
498,Dubbo,72,AU,1578998673,27,-32.25,148.62,86.0,5.82
499,Sinnamary,33,GF,1578998673,80,5.38,-52.95,79.92,19.01
500,Portland,90,US,1578998444,86,45.52,-122.68,37.4,3.36
501,Itapirapua,85,BR,1578998673,75,-15.82,-50.61,79.23,2.75
502,Korla,100,CN,1578998673,82,41.76,86.15,19.51,2.75
503,Chernukha,99,RU,1578998674,91,55.6,43.76,25.81,9.24
504,Yazman,0,PK,1578998674,35,29.12,71.74,62.2,6.42
505,Treinta y Tres,0,UY,1578998674,57,-33.23,-54.38,74.5,12.37
506,Tera,0,NE,1578998674,7,14.01,0.75,83.28,12.84
507,Mount Gambier,0,AU,1578998674,82,-37.83,140.77,64.4,8.05
508,Amurzet,0,RU,1578998675,90,47.7,131.1,-0.76,6.49
509,Jiayuguan,76,CN,1578998675,37,39.82,98.3,19.51,2.1
510,Sakakah,0,SA,1578998675,30,29.97,40.21,57.2,5.82
511,Sai Buri,20,TH,1578998675,74,6.7,101.62,82.4,10.29
512,Thousand Oaks,1,US,1578998675,81,34.17,-118.84,51.8,2.48
513,Merrill,90,US,1578998676,100,45.18,-89.68,26.6,4.7
514,Asha,98,RU,1578998676,93,55.0,57.27,20.07,7.65
515,Barcelos,20,PT,1578998573,82,41.54,-8.62,55.99,20.8
516,Pindi Gheb,5,PK,1578998676,66,33.24,72.27,55.4,6.93
517,Asau,81,RO,1578998676,80,46.43,26.4,45.0,2.24
518,Kuna,90,US,1578998409,100,43.49,-116.42,34.0,8.05
519,Salas,40,ES,1578998677,76,43.41,-6.26,57.99,4.59
520,Bo Rai,20,TH,1578998677,70,12.57,102.54,84.99,10.29
521,Narsaq,75,GL,1578998677,56,60.92,-46.05,12.2,4.7
522,Khorixas,0,NA,1578998677,23,-20.37,14.97,95.72,12.12
523,Bayir,20,TR,1578998678,66,37.27,28.22,55.4,3.04
524,Pueblo Nuevo,77,MX,1578998678,27,23.38,-105.38,53.98,6.87
525,Manokwari,100,ID,1578998678,86,-0.87,134.08,74.43,2.01
526,Terracina,75,IT,1578998678,87,41.29,13.22,54.0,1.12
527,Orcopampa,100,PE,1578998678,93,-15.27,-72.34,36.34,2.89
528,Tupik,3,RU,1578998678,98,54.43,119.93,-19.8,1.45
529,Erzincan,72,TR,1578998679,43,39.75,39.5,35.6,5.82
530,Temple,90,US,1578998667,100,31.1,-97.34,60.01,5.91
531,Hobyo,90,SO,1578998679,61,5.35,48.53,82.31,23.15
532,Amoy,0,CN,1578998679,77,24.48,118.08,62.6,11.18
533,Yenagoa,6,NG,1578998679,37,4.92,6.26,100.42,2.51
534,Mocuba,95,MZ,1578998679,85,-16.84,36.99,81.91,4.43
535,Dargaville,100,NZ,1578998679,95,-35.93,173.88,59.43,3.06
536,Atbasar,100,KZ,1578998465,94,51.8,68.33,22.12,15.82
537,Bushehr,90,IR,1578998583,51,28.97,50.84,59.0,6.93
538,Athabasca,74,CA,1578998680,98,54.72,-113.29,-30.87,6.46
539,Road Town,5,VG,1578998526,87,18.42,-64.62,73.99,15.01
540,Bridlington,59,GB,1578998680,81,54.08,-0.19,45.0,19.46
541,Vieques,40,PR,1578998680,78,18.43,-65.83,77.0,14.99
542,Quelimane,75,MZ,1578998681,79,-17.88,36.89,86.0,4.88
543,Knysna,20,ZA,1578998681,74,-34.04,23.05,80.6,11.41
544,Vrangel,0,RU,1578998681,59,42.73,133.08,21.25,8.05
545,Autazes,3,BR,1578998681,86,-3.58,-59.13,77.68,1.79
546,Sterling,90,US,1578998681,100,39.01,-77.43,45.0,2.42
547,Isangel,94,VU,1578998681,85,-19.55,169.27,78.21,19.91
548,Sao Joao Nepomuceno,100,BR,1578998682,97,-21.54,-43.01,77.0,1.99
549,Tongliao,0,CN,1578998682,84,43.61,122.27,0.52,4.29
550,Erdenet,93,MN,1578998682,85,49.03,104.08,-1.82,3.38
551,Simao,0,CN,1578998682,66,22.79,100.97,54.1,4.83
552,Biak,2,ID,1578998682,74,-0.91,122.88,84.0,5.21
553,Bullhead City,1,US,1578998682,52,35.15,-114.57,48.0,3.36
554,Arrondissement de Rochefort,90,FR,1578998683,81,45.92,-1.0,51.8,17.22
555,Monforte de Lemos,91,ES,1578998683,88,42.52,-7.51,54.0,1.01
556,Chhata,0,IN,1578998683,69,27.72,77.5,63.82,3.8
557,Haines Junction,0,CA,1578998683,81,60.75,-137.51,-21.12,4.79
558,Barranca,49,PE,1578998683,92,-10.75,-77.77,68.59,11.77
559,Urumqi,90,CN,1578998684,85,43.8,87.6,14.0,4.47
560,Weligama,75,LK,1578998684,74,5.97,80.42,78.67,0.65
561,Bandarbeyla,0,SO,1578998684,73,9.49,50.81,75.47,22.44
562,Hofn,100,IS,1578998684,76,64.25,-15.21,40.62,44.22
563,Alta Floresta,20,BR,1578998684,81,-9.88,-56.09,77.99,1.66
564,Kalakamati,75,BW,1578998685,51,-20.59,27.31,82.4,9.17
565,Ballina,90,AU,1578998685,94,-28.87,153.57,73.4,8.05
566,Logrono,90,ES,1578998685,100,42.47,-2.45,46.0,5.82
567,Olga,0,RU,1578998685,55,43.74,135.29,19.38,13.02
568,Matagami,1,CA,1578998685,82,49.75,-77.63,-16.6,4.7
569,Buncrana,20,IE,1578998685,86,55.13,-7.45,39.2,20.8
570,Mount Isa,63,AU,1578998686,43,-20.73,139.5,87.8,4.7
571,Dutlwe,0,BW,1578998686,27,-23.98,23.9,90.57,3.62
572,Opuwo,8,NA,1578998686,32,-18.06,13.84,89.24,16.22
573,Nouadhibou,97,MR,1578998686,39,20.93,-17.03,62.6,9.17
574,Udachny,75,RU,1578998686,83,66.42,112.4,-7.6,4.47
575,Jalingo,0,NG,1578998687,8,8.88,11.37,98.74,8.99
576,Itaporanga,0,BR,1578998540,53,-7.3,-38.15,84.11,2.82
577,Tenno,75,JP,1578998687,86,39.9,139.97,33.8,3.83
578,Polovinnoye,99,RU,1578998687,95,54.79,65.99,16.47,9.91
579,Taoudenni,1,ML,1578998687,20,22.68,-3.98,66.96,19.53
580,Ocampo,32,MX,1578998687,91,21.65,-101.5,43.48,3.62
